{
   "log10 r": [
      0.0,
      0.15,
      0.3,
      0.44999999999999996,
      0.6,
      0.75,
      0.8999999999999999,
      1.05,
      1.2,
      1.3499999999999999,
      1.5,
      1.65,
      1.7999999999999998,
      1.95
   ],
   "Sum dv^2": [
      11710.891300000001,
      38998.77970000001,
      190842.9129,
      763269.9737999997,
      2825176.478800002,
      8063343.960100009,
      23230231.02790001,
      52428076.62949992,
      106939965.51250018,
      223980728.41290295,
      455811308.2075035,
      602755383.5315003,
      260562674.6432017,
      39754261.78260029
   ],
   "Sum weights": [
      558.5200609961985,
      1115.756983302291,
      2755.0897938110643,
      5922.174562842423,
      12408.257814811184,
      22203.841012972593,
      43416.37098367262,
      71932.18821989134,
      118606.5420152707,
      178881.7938376409,
      255097.47645437781,
      332137.7681020379,
      225562.03769260083,
      27298.968542953306
   ],
   "Sum w * dv^2": [
      840.9263313996668,
      3053.114820936118,
      15410.06611835589,
      64214.826406820575,
      247469.5233221623,
      741425.2864958381,
      2251789.8913703696,
      5225287.1224266635,
      9861858.590025524,
      16387237.871397149,
      30629835.869104385,
      38675280.701296814,
      14320847.9412225,
      2008396.9973385176
   ],
   "N pairs": [
      4433,
      8816,
      21846,
      47309,
      100494,
      183904,
      374704,
      661938,
      1200694,
      2035342,
      3128155,
      3944336,
      2869501,
      476017
   ],
   "Unweighted B(r)": [
      2.6417530566207987,
      4.4236365358439205,
      8.73582865970887,
      16.133716075165395,
      28.11288712559956,
      43.8453973817862,
      61.99621842280843,
      79.20390826557762,
      89.06512859437973,
      110.04574583185673,
      145.71250727905218,
      152.81542534193343,
      90.80417628124252,
      83.51437402991971
   ],
   "Weighted B(r)": [
      1.5056331726021752,
      2.736361830243585,
      5.593308121198994,
      10.843116109701409,
      19.943937901319956,
      33.391758032435035,
      51.86499563073084,
      72.64184854843218,
      83.14767821791652,
      91.60931093004777,
      120.07110495498097,
      116.44348946613974,
      63.48961947550392,
      73.57043524111265
   ],
   "Unweighted mean velocity": 5.788428959276018,
   "Unweighted sigma^2": 58.87888372187629,
   "Weighted mean velocity": 4.4687442061436125,
   "Weighted sigma^2": 46.286428785858185
}