{
   "log10 r": [
      0.0,
      0.15,
      0.3,
      0.44999999999999996,
      0.6,
      0.75,
      0.8999999999999999,
      1.05,
      1.2,
      1.3499999999999999,
      1.5,
      1.65,
      1.7999999999999998,
      1.95,
      2.1
   ],
   "Sum dv^2": [
      8895.622600000002,
      32543.039900000018,
      124686.81359999994,
      422464.97819999955,
      1353774.7185000002,
      3351814.9329000064,
      8955522.535100019,
      19592052.887900025,
      42686067.118100025,
      80031284.37659992,
      124790272.1718,
      176882317.6064999,
      130241097.99130015,
      23650088.773599993,
      588563.6894000004
   ],
   "Sum weights": [
      1366.3066092608512,
      2727.58722916529,
      6787.471447709032,
      14797.7385806755,
      31777.115377362417,
      59358.842552795475,
      123535.560137735,
      221552.5140440976,
      399202.3520441025,
      651587.4566750214,
      916632.4986371088,
      837149.7676484984,
      368514.6512841634,
      43851.875747267564,
      621.2286485387721
   ],
   "Sum w * dv^2": [
      1356.698008765896,
      5099.853768669013,
      20838.718722742156,
      75616.3662945268,
      255140.77530665,
      660134.5542813208,
      1838176.724688121,
      4201663.65700613,
      9202918.566789204,
      16074479.806006562,
      21997484.059656024,
      22994485.921733577,
      10237983.1145109,
      947381.5822768855,
      14626.813255076771
   ],
   "N pairs": [
      6099,
      12154,
      30183,
      65541,
      140303,
      261930,
      545144,
      982743,
      1809562,
      3111402,
      4933047,
      6224475,
      4546586,
      993936,
      25452
   ],
   "Unweighted B(r)": [
      1.4585378914576164,
      2.6775579973671233,
      4.1310278501143,
      6.445812212203042,
      9.648936362729238,
      12.796605707250054,
      16.427810881345145,
      19.936089992907633,
      23.58917081487124,
      25.721936405710327,
      25.29679367980885,
      28.417226771173457,
      28.645911017915452,
      23.794377881070808,
      23.124457386452946
   ],
   "Weighted B(r)": [
      0.9929674639426993,
      1.8697307694279302,
      3.0701740527801156,
      5.109994738876851,
      8.02907288080682,
      11.121081980231976,
      14.87973764508503,
      18.964639941615985,
      23.053267396010977,
      24.669719530871344,
      23.998149849981196,
      27.467589206079165,
      27.781753259564006,
      21.6041290397006,
      23.544975412002245
   ],
   "Unweighted mean velocity": -5.948184837545125,
   "Unweighted sigma^2": 12.895954004824253,
   "Weighted mean velocity": -6.0293022757715855,
   "Weighted sigma^2": 11.989564360558917
}