{
   "log10 r": [
      0.0,
      0.15,
      0.3,
      0.44999999999999996,
      0.6,
      0.75,
      0.8999999999999999,
      1.05,
      1.2,
      1.3499999999999999,
      1.5,
      1.65,
      1.7999999999999998,
      1.95,
      2.1,
      2.25
   ],
   "Sum dv^2": [
      16886.9228,
      60800.4392,
      254084.44009999992,
      914193.3691999998,
      3062804.0721000037,
      8080347.210600009,
      23677626.620699957,
      60618834.685600094,
      151064218.15030086,
      316745817.5820107,
      539609534.8724093,
      794679509.162902,
      799491742.2728056,
      490122285.93452734,
      174920332.17630392,
      4650314.349
   ],
   "Sum weights": [
      591.3821331442512,
      1176.730822786877,
      2909.670333630328,
      6268.504920254329,
      13163.038122349784,
      23708.133488284224,
      46693.4898994258,
      77444.97762969455,
      126543.53734215294,
      190403.76196768144,
      296989.7332216863,
      436721.3539620905,
      382702.20624017314,
      174881.53757772717,
      59182.03712290483,
      1139.7549330826748
   ],
   "Sum w * dv^2": [
      936.4951514603324,
      3673.5343794614664,
      16299.10337099627,
      62748.97699855914,
      219322.9411049479,
      584246.1805925797,
      1620738.5267680744,
      3690280.6134920134,
      8047956.842049182,
      14618631.101669535,
      24604251.571373228,
      34412811.27147325,
      23954819.517526105,
      11364206.017581541,
      3652809.830584517,
      63311.55102009383
   ],
   "N pairs": [
      6465,
      12805,
      31735,
      68866,
      146590,
      271512,
      561300,
      1002966,
      1832047,
      3148217,
      5269497,
      8130666,
      9239766,
      5934354,
      2390269,
      79387
   ],
   "Unweighted B(r)": [
      2.6120530239752515,
      4.748179554861382,
      8.006442101780365,
      13.274959620131847,
      20.893676731700687,
      29.760552795456586,
      42.18355001015492,
      60.43957091825654,
      82.45651893772423,
      100.61117692395749,
      102.40247501277814,
      97.73855046596454,
      86.5272716076149,
      82.59067220029802,
      73.18018690628709,
      58.57778161411819
   ],
   "Weighted B(r)": [
      1.583570248362408,
      3.121813679326726,
      5.601701052730691,
      10.010198252506637,
      16.66203038131107,
      24.643280369637484,
      34.710160458321305,
      47.65035417967579,
      63.59832363693793,
      76.77700771558735,
      82.84546170829253,
      78.79809622146493,
      62.593889261492095,
      64.98230845283283,
      61.72159675745252,
      55.54838955498636
   ],
   "Unweighted mean velocity": 2.821990872789504,
   "Unweighted sigma^2": 44.12786785616313,
   "Weighted mean velocity": 2.6951380952860835,
   "Weighted sigma^2": 34.39936397445658
}