{
   "log10 r": [
      0.0,
      0.15,
      0.3,
      0.44999999999999996,
      0.6,
      0.75,
      0.8999999999999999,
      1.05,
      1.2,
      1.3499999999999999,
      1.5,
      1.65,
      1.7999999999999998,
      1.95,
      2.1
   ],
   "Sum dv^2": [
      14935.638600000006,
      60991.76890000001,
      280081.09260000003,
      1132037.0261,
      4200990.848800003,
      12158361.248800006,
      35615828.69310003,
      81012396.82869981,
      171353209.70750278,
      374928611.0474126,
      825639149.0636985,
      1383625156.117069,
      1342574897.9326823,
      590399199.0139214,
      92445029.60460205
   ],
   "Sum weights": [
      850.8880040083213,
      1695.2513879902847,
      4196.718018930606,
      9044.564817828315,
      19016.508624208946,
      34334.60854121055,
      67937.79524796038,
      114347.9307401234,
      193783.41107865213,
      311025.2382520226,
      498773.1606056068,
      724762.1596109334,
      737858.3885492738,
      363919.2989859385,
      68101.13034800513
   ],
   "Sum w * dv^2": [
      1214.9216195599117,
      4696.877621544467,
      23106.992617352334,
      96635.61824142674,
      372369.23277884297,
      1118695.7451163654,
      3384121.6941629294,
      7638703.960516676,
      14525948.380119877,
      25945170.09084368,
      52812609.60677436,
      77078802.22147822,
      65121757.94219657,
      27112236.323825978,
      3304029.722499743
   ],
   "N pairs": [
      7837,
      15611,
      38777,
      83971,
      178928,
      331072,
      684304,
      1228247,
      2272064,
      3995675,
      6710427,
      9820289,
      11142472,
      6772330,
      1554067
   ],
   "Unweighted B(r)": [
      1.9057851984177627,
      3.906973858176927,
      7.2228664569203405,
      13.48128551642829,
      23.47866655190916,
      36.724220860719136,
      52.04679308187593,
      65.95774044528487,
      75.41742209176448,
      93.83361035304738,
      123.03824317941296,
      140.8945455797756,
      120.49165552605223,
      87.17814976735059,
      59.48587133283318
   ],
   "Weighted B(r)": [
      1.4278278854992887,
      2.7706083326748376,
      5.505967404319526,
      10.684385615871992,
      19.581366913209227,
      32.58216105110494,
      49.812062369871015,
      66.80229288868401,
      74.95971042755635,
      83.41821466533338,
      105.88502705849221,
      106.35047815252337,
      88.25779980659225,
      74.50068297937003,
      48.516518090312836
   ],
   "Unweighted mean velocity": 3.564239747634069,
   "Unweighted sigma^2": 54.62045699825188,
   "Weighted mean velocity": 2.968567164140036,
   "Weighted sigma^2": 44.03079065219734
}