{
   "log10 r": [
      0.0,
      0.15,
      0.3,
      0.44999999999999996,
      0.6,
      0.75,
      0.8999999999999999,
      1.05,
      1.2,
      1.3499999999999999,
      1.5,
      1.65,
      1.7999999999999998,
      1.95
   ],
   "Sum dv^2": [
      6897.8918,
      24238.062299999998,
      93045.84409999994,
      307191.10499999975,
      932696.2147000001,
      2093636.7363000058,
      5006754.861600021,
      10814416.993700061,
      22940158.6396998,
      42365272.1315002,
      68217726.40919998,
      71834109.46959992,
      36162397.0847996,
      4287525.320600008
   ],
   "Sum weights": [
      321.3769193935127,
      640.60909275267,
      1590.3940360329618,
      3446.321743195241,
      7298.875111223871,
      13229.004344654642,
      25967.87130549136,
      42032.61078590167,
      65988.80763920415,
      93118.75620329959,
      115960.91930306006,
      99592.4163516073,
      50606.92885468888,
      5040.8322663584
   ],
   "Sum w * dv^2": [
      184.78586627924423,
      731.7358951746036,
      3134.0177663097757,
      11803.732468668839,
      40545.47353840442,
      106460.71198842094,
      288319.07463673945,
      604135.0380123263,
      1071747.663304806,
      1606301.277196282,
      2036221.9679143422,
      1526523.2054753082,
      709561.1156980357,
      90724.7542040521
   ],
   "N pairs": [
      5505,
      10962,
      27191,
      59011,
      125921,
      233409,
      482220,
      857654,
      1542777,
      2555329,
      3827345,
      4287157,
      2510836,
      305819
   ],
   "Unweighted B(r)": [
      1.253023033605813,
      2.211098549534756,
      3.4219353499319607,
      5.205658351832705,
      7.406994978597694,
      8.969820085343777,
      10.382719218613953,
      12.609300479797286,
      14.869393722942332,
      16.57918496268003,
      17.823772460857327,
      16.75565169868981,
      14.402532497064565,
      14.019813421010491
   ],
   "Weighted B(r)": [
      0.5749817585779444,
      1.1422502481667338,
      1.970592001292453,
      3.4250233577219817,
      5.5550304561391215,
      8.047522641523496,
      11.102915261897857,
      14.373007688948071,
      16.24135518805885,
      17.250029346282915,
      17.559553512961923,
      15.32770527512833,
      14.021026996825807,
      17.997971249615393
   ],
   "Unweighted mean velocity": -1.2349777091906722,
   "Unweighted sigma^2": 7.864699245044958,
   "Weighted mean velocity": -1.0550407479756607,
   "Weighted sigma^2": 7.702739173777909
}