pc,S,ErrX,ErrY
0.14483827651808015,6.739419753086419,0.20698563765066802,0.4447012055803656
0.2541273253728072,8.45280487804878,0.11772771144006011,0.3607346366813125
0.39915695999311307,10.007075862068964,0.6371960739247804,0.2822554099984178
0.6174396198404296,12.638352872215709,1.163202793489436,0.20252368939728863
0.9785142737897218,17.367989650203068,1.843594271063958,0.21513400226028198
1.550743325639031,23.483277221108885,2.922861046991926,0.2131881388523586
2.457475665520886,33.49711847783445,4.627343647175407,0.40998833321323847
3.304575643704444,53.704606741573045,2.4073887261223987,4.528818334516478
